year,n_samples,accuracy,macro_f1,macro_precision,macro_recall
2024,20546,0.6556020636620267,0.35272183107824984,0.3577082674393744,0.37201857418219186
2025,338,0.6804733727810651,0.33317294745080617,0.38852217344020623,0.34897317175578046
